03/03/2022,Environment client report
03/06/2022,Environment client report
05/09/2022,Environment client report
05/12/2022,Environment client report
03/03/2023,Environment client report
05/06/2023,Environment client report
05/09/2023,Environment client report
05/12/2023,Environment client report
05/03/2024,Environment client report
05/06/2024,Environment client report
04/09/2024,Environment client report
04/12/2024,Environment client report
05/03/2025,Environment client report
04/06/2025,Environment client report
03/09/2025,Environment client report
03/12/2025,Environment client report
04/03/2026,Environment client report
03/06/2026,Environment client report
03/09/2026,Environment client report
03/12/2026,Environment client report
20/06/2022,Safety report
19/07/2022,Safety report
19/08/2022,Safety report
20/09/2022,Safety report
19/10/2022,Safety report
18/11/2022,Safety report
13/12/2022,Safety report
19/01/2023,Safety report
16/02/2023,Safety report
21/03/2023,Safety report
18/04/2023,Safety report
19/05/2023,Safety report
20/06/2023,Safety report
19/07/2023,Safety report
21/08/2023,Safety report
19/09/2023,Safety report
19/10/2023,Safety report
20/11/2023,Safety report
19/12/2023,Safety report
19/01/2024,Safety report
19/02/2024,Safety report
19/03/2024,Safety report
18/04/2024,Safety report
21/05/2024,Safety report
18/06/2024,Safety report
18/01/2022,Progress meeting
18/01/2023,Progress meeting
18/01/2024,Progress meeting
20/01/2025,Progress meeting
19/01/2026,Progress meeting
07/04/2022,Riddor
07/07/2022,Riddor
07/10/2022,Riddor
09/01/2023,Riddor
10/04/2023,Riddor
07/07/2023,Riddor
06/10/2023,Riddor
05/01/2024,Riddor
05/04/2024,Riddor
05/07/2024,Riddor
07/10/2024,Riddor
07/01/2025,Riddor
07/04/2025,Riddor
07/07/2025,Riddor
07/10/2025,Riddor
07/01/2026,Riddor
07/04/2026,Riddor
07/07/2026,Riddor
07/10/2026,Riddor
01/02/2022,Noise report
01/03/2022,Noise report
01/04/2022,Noise report
02/05/2022,Noise report
01/06/2022,Noise report
01/07/2022,Noise report
01/08/2022,Noise report
01/09/2022,Noise report
03/10/2022,Noise report
01/11/2022,Noise report
01/12/2022,Noise report
03/01/2023,Noise report
01/02/2023,Noise report
01/03/2023,Noise report
03/04/2023,Noise report
01/05/2023,Noise report
01/06/2023,Noise report
03/07/2023,Noise report
27/05/2022,Program report
29/05/2023,Program report
29/05/2024,Program report
28/05/2025,Program report
27/05/2026,Program report
